casuals,jackets,shoes,formals,zip_code,store_id,month,year,average_household_income,male_population,female_population,male_median_age,female_median_age,sales,Assignments,DistancesToClusterCenter no.0,DistancesToClusterCenter no.1,DistancesToClusterCenter no.2,Assignments (2),DistancesToClusterCenter no.0 (2),DistancesToClusterCenter no.1 (2),DistancesToClusterCenter no.2 (2)
1,1,0,1,30309,1,0,2010,39421,25530,24206,29.4,29.4,3,1,12.2316726294075,6.21995011189071,15.8728538726567,1,12.2316726294075,6.21995011189071,15.8728538726567
0,1,1,0,30309,2,0,2010,39421,25530,24206,29.4,29.4,3,1,11.9480197652645,5.89681572794252,15.8807270004466,1,11.9480197652645,5.89681572794252,15.8807270004466
0,1,0,0,30309,3,0,2010,39421,25530,24206,29.4,29.4,5,1,11.1974750729842,5.15474330602331,14.286269337675,1,11.1974750729842,5.15474330602331,14.286269337675
1,0,1,1,30318,4,0,2010,39421,25530,24206,29.4,29.4,3,0,7.50473519930847,9.9858495109111,18.1093205301224,0,7.50473519930847,9.9858495109111,18.1093205301224
1,0,1,0,30318,5,0,2010,39421,25530,24206,29.4,29.4,4,0,6.92454491139314,9.89402821273573,17.5541303067299,0,6.92454491139314,9.89402821273573,17.5541303067299
1,0,1,1,30318,6,0,2010,39421,25530,24206,29.4,29.4,4,0,6.95321708405905,10.1250250874001,17.7312574519027,0,6.95321708405905,10.1250250874001,17.7312574519027
0,1,0,1,30313,7,0,2010,39421,25530,24206,29.4,29.4,4,1,8.71207309758705,7.1585779167106,16.1755213463323,1,8.71207309758705,7.1585779167106,16.1755213463323
1,1,0,1,30309,1,1,2010,39421,25530,24206,29.4,29.4,10,1,11.3391871249813,6.60767185398118,10.104330527219,1,11.3391871249813,6.60767185398118,10.104330527219
0,1,1,0,30309,2,1,2010,39421,25530,24206,29.4,29.4,9,1,10.8273549324611,5.64514626225635,10.7423225905923,1,10.8273549324611,5.64514626225635,10.7423225905923
0,1,0,0,30309,3,1,2010,39421,25530,24206,29.4,29.4,11,1,11.1292356670366,6.9041016174408,9.55497232681651,1,11.1292356670366,6.9041016174408,9.55497232681651
1,0,1,1,30318,4,1,2010,39421,25530,24206,29.4,29.4,6,0,5.41634161349305,9.22916621477434,15.5659080156453,0,5.41634161349305,9.22916621477434,15.5659080156453
1,0,1,0,30318,5,1,2010,39421,25530,24206,29.4,29.4,3,0,6.70949960967196,9.68704720075535,17.7959964616403,0,6.70949960967196,9.68704720075535,17.7959964616403
1,0,1,1,30318,6,1,2010,39421,25530,24206,29.4,29.4,4,0,6.15647638023127,9.71295678762457,17.2597071477373,0,6.15647638023127,9.71295678762457,17.2597071477373
0,1,0,1,30313,7,1,2010,39421,25530,24206,29.4,29.4,6,1,7.51192471341463,6.38962041223546,14.1791217059285,1,7.51192471341463,6.38962041223546,14.1791217059285
1,1,0,1,30309,1,2,2010,39421,25530,24206,29.4,29.4,11,1,11.252513011663,6.88222574536793,8.74914259606216,1,11.252513011663,6.88222574536793,8.74914259606216
0,1,1,0,30309,2,2,2010,39421,25530,24206,29.4,29.4,10,1,10.6430023609784,5.7940814804917,9.37269947257939,1,10.6430023609784,5.7940814804917,9.37269947257939
0,1,0,0,30309,3,2,2010,39421,25530,24206,29.4,29.4,10,1,10.4368553364856,5.62260689886818,9.37269947257939,1,10.4368553364856,5.62260689886818,9.37269947257939
1,0,1,1,30318,4,2,2010,39421,25530,24206,29.4,29.4,5,0,4.94012340497118,8.8952008529984,15.7749006839534,0,4.94012340497118,8.8952008529984,15.7749006839534
1,0,1,0,30318,5,2,2010,39421,25530,24206,29.4,29.4,5,0,4.85244064925041,9.02335274122104,15.940435740236,0,4.85244064925041,9.02335274122104,15.940435740236
1,0,1,1,30318,6,2,2010,39421,25530,24206,29.4,29.4,4,0,5.42744645506895,9.38972449521512,16.8344138842329,0,5.42744645506895,9.38972449521512,16.8344138842329
0,1,0,1,30313,7,2,2010,39421,25530,24206,29.4,29.4,4,1,7.55050758971142,6.07421030794771,15.1870830255732,1,7.55050758971142,6.07421030794771,15.1870830255732
1,1,0,1,30309,1,3,2010,39421,25530,24206,29.4,29.4,10,1,10.6624158547645,5.77166530608425,8.66588110945967,1,10.6624158547645,5.77166530608425,8.66588110945967
0,1,1,0,30309,2,3,2010,39421,25530,24206,29.4,29.4,9,1,10.11640064638,4.63880042660043,9.40199418423297,1,10.11640064638,4.63880042660043,9.40199418423297
0,1,0,0,30309,3,3,2010,39421,25530,24206,29.4,29.4,9,1,9.89929351504519,4.42275904096657,9.40199418423297,1,9.89929351504519,4.42275904096657,9.40199418423297
1,0,1,1,30318,4,3,2010,39421,25530,24206,29.4,29.4,3,0,5.56650439850939,9.01073693256582,16.8655711454642,0,5.56650439850939,9.01073693256582,16.8655711454642
1,0,1,0,30318,5,3,2010,39421,25530,24206,29.4,29.4,3,0,5.48883705503981,9.13726854947492,17.0205020508419,0,5.48883705503981,9.13726854947492,17.0205020508419
1,0,1,1,30318,6,3,2010,39421,25530,24206,29.4,29.4,3,0,5.52496495961088,9.38690658797105,17.203124427345,0,5.52496495961088,9.38690658797105,17.203124427345
0,1,0,1,30313,7,3,2010,39421,25530,24206,29.4,29.4,6,1,6.44507254455676,5.52069217472026,13.1927060283905,1,6.44507254455676,5.52069217472026,13.1927060283905
1,1,0,1,30309,1,4,2010,39421,25530,24206,29.4,29.4,3,1,10.9468584407663,4.24138721947576,14.0693812963724,1,10.9468584407663,4.24138721947576,14.0693812963724
0,1,1,0,30309,2,4,2010,39421,25530,24206,29.4,29.4,4,1,10.2694684156648,3.1547312441732,13.1585520033799,1,10.2694684156648,3.1547312441732,13.1585520033799
0,1,0,0,30309,3,4,2010,39421,25530,24206,29.4,29.4,4,1,10.0556666412165,2.8274825126932,13.1585520033799,1,10.0556666412165,2.8274825126932,13.1585520033799
1,0,1,1,30318,4,4,2010,39421,25530,24206,29.4,29.4,5,0,3.67624352579286,8.53084938858641,15.0282231680459,0,3.67624352579286,8.53084938858641,15.0282231680459
1,0,1,0,30318,5,4,2010,39421,25530,24206,29.4,29.4,5,0,3.55754514505264,8.66439194450845,15.2018910530431,0,3.55754514505264,8.66439194450845,15.2018910530431
1,0,1,1,30318,6,4,2010,39421,25530,24206,29.4,29.4,4,0,4.30895836916885,9.04531476354496,16.1368364565566,0,4.30895836916885,9.04531476354496,16.1368364565566
0,1,0,1,30313,7,4,2010,39421,25530,24206,29.4,29.4,5,1,6.37236399516592,5.33152241702771,13.5866659482226,1,6.37236399516592,5.33152241702771,13.5866659482226
1,1,0,1,30309,1,5,2010,39421,25530,24206,29.4,29.4,12,2,11.0349843998321,7.26082145256835,5.99979140713816,2,11.0349843998321,7.26082145256835,5.99979140713816
0,1,1,0,30309,2,5,2010,39421,25530,24206,29.4,29.4,6,1,9.69488405204758,2.74487530605708,10.9794122042818,1,9.69488405204758,2.74487530605708,10.9794122042818
0,1,0,0,30309,3,5,2010,39421,25530,24206,29.4,29.4,4,1,9.93334813653327,2.79643592763478,12.831503841158,1,9.93334813653327,2.79643592763478,12.831503841158
1,0,1,1,30318,4,5,2010,39421,25530,24206,29.4,29.4,13,0,6.24219725924193,11.2972229582655,10.2443885953291,0,6.24219725924193,11.2972229582655,10.2443885953291
1,0,1,0,30318,5,5,2010,39421,25530,24206,29.4,29.4,13,0,6.17303714725913,11.3984008986383,10.4974995923843,0,6.17303714725913,11.3984008986383,10.4974995923843
1,0,1,1,30318,6,5,2010,39421,25530,24206,29.4,29.4,12,0,5.29314484872498,10.9849703891098,11.1129427663949,0,5.29314484872498,10.9849703891098,11.1129427663949
0,1,0,1,30313,7,5,2010,39421,25530,24206,29.4,29.4,4,1,6.60871286024552,5.51109975218381,14.1119626850999,1,6.60871286024552,5.51109975218381,14.1119626850999
1,1,0,1,30309,1,6,2010,39421,25530,24206,29.4,29.4,14,2,12.0124800081768,9.18158697551334,4.17103086239454,2,12.0124800081768,9.18158697551334,4.17103086239454
0,1,1,0,30309,2,6,2010,39421,25530,24206,29.4,29.4,5,1,9.85184447527133,3.07919301783007,11.6231446514527,1,9.85184447527133,3.07919301783007,11.6231446514527
0,1,0,0,30309,3,6,2010,39421,25530,24206,29.4,29.4,5,1,9.62877404573766,2.74294691484845,11.6231446514527,1,9.62877404573766,2.74294691484845,11.6231446514527
1,0,1,1,30318,4,6,2010,39421,25530,24206,29.4,29.4,12,0,5.29462835386725,10.750550486557,10.2711974437827,0,5.29462835386725,10.750550486557,10.2711974437827
1,0,1,0,30318,5,6,2010,39421,25530,24206,29.4,29.4,15,0,8.0396009144578,12.8648962012493,9.7773973642267,0,8.0396009144578,12.8648962012493,9.7773973642267
1,0,1,1,30318,6,6,2010,39421,25530,24206,29.4,29.4,13,0,6.1692193032738,11.6778969994571,10.4855852336485,0,6.1692193032738,11.6778969994571,10.4855852336485
0,1,0,1,30313,7,6,2010,39421,25530,24206,29.4,29.4,6,1,5.84840840840345,5.47304592538376,12.1880060859655,1,5.84840840840345,5.47304592538376,12.1880060859655
1,1,0,1,30309,1,7,2010,39421,25530,24206,29.4,29.4,13,2,11.5484950850374,8.49991932809763,4.23644871231888,2,11.5484950850374,8.49991932809763,4.23644871231888
0,1,1,0,30309,2,7,2010,39421,25530,24206,29.4,29.4,6,1,9.75196000746703,3.6311339167488,10.4664937945585,1,9.75196000746703,3.6311339167488,10.4664937945585
0,1,0,0,30309,3,7,2010,39421,25530,24206,29.4,29.4,2,1,10.8077532709691,4.86972609988175,14.3439007700058,1,10.8077532709691,4.86972609988175,14.3439007700058
1,0,1,1,30318,4,7,2010,39421,25530,24206,29.4,29.4,13,0,6.3304797470553,11.5446108485441,9.69265173686274,0,6.3304797470553,11.5446108485441,9.69265173686274
1,0,1,0,30318,5,7,2010,39421,25530,24206,29.4,29.4,12,0,5.35998358262632,11.0315923047904,10.3076426465593,0,5.35998358262632,11.0315923047904,10.3076426465593
1,0,1,1,30318,6,7,2010,39421,25530,24206,29.4,29.4,12,0,5.39697411464736,11.2392334046936,10.6064837212513,0,5.39697411464736,11.2392334046936,10.6064837212513
0,1,0,1,30313,7,7,2010,39421,25530,24206,29.4,29.4,4,1,6.6921620477813,6.00191748977625,13.7166865833427,1,6.6921620477813,6.00191748977625,13.7166865833427
1,1,0,1,30309,1,8,2010,39421,25530,24206,29.4,29.4,13,2,11.7013978793745,8.83595071975554,3.93033048128377,2,11.7013978793745,8.83595071975554,3.93033048128377
0,1,1,0,30309,2,8,2010,39421,25530,24206,29.4,29.4,4,1,10.3769878071392,4.61019689103249,12.2942055792822,1,10.3769878071392,4.61019689103249,12.2942055792822
0,1,0,0,30309,3,8,2010,39421,25530,24206,29.4,29.4,4,1,10.1654476541102,4.39274896968958,12.2942055792822,1,10.1654476541102,4.39274896968958,12.2942055792822
1,0,1,1,30318,4,8,2010,39421,25530,24206,29.4,29.4,13,0,6.60529692218088,11.7942119780044,9.56281850147269,0,6.60529692218088,11.7942119780044,9.56281850147269
1,0,1,0,30318,5,8,2010,39421,25530,24206,29.4,29.4,13,0,6.53997770854962,11.8911619558149,9.83348858198901,0,6.53997770854962,11.8911619558149,9.83348858198901
1,0,1,1,30318,6,8,2010,39421,25530,24206,29.4,29.4,11,0,4.91888121186732,10.966652028784,10.9108888806655,0,4.91888121186732,10.966652028784,10.9108888806655
0,1,0,1,30313,7,8,2010,39421,25530,24206,29.4,29.4,4,1,6.95269778403026,6.4690347109799,13.6252519545751,1,6.95269778403026,6.4690347109799,13.6252519545751
1,1,0,1,30309,1,9,2010,39421,25530,24206,29.4,29.4,6,1,10.538942555763,5.5453827876914,10.3100675241015,1,10.538942555763,5.5453827876914,10.3100675241015
0,1,1,0,30309,2,9,2010,39421,25530,24206,29.4,29.4,4,1,10.641280447005,5.39252370526699,12.2738539516182,1,10.641280447005,5.39252370526699,12.2738539516182
0,1,0,0,30309,3,9,2010,39421,25530,24206,29.4,29.4,4,1,10.4350994058873,5.20784408834305,12.2738539516182,1,10.4350994058873,5.20784408834305,12.2738539516182
1,0,1,1,30318,4,9,2010,39421,25530,24206,29.4,29.4,5,0,4.61406918808209,9.58657258772127,14.259996198758,0,4.61406918808209,9.58657258772127,14.259996198758
1,0,1,0,30318,5,9,2010,39421,25530,24206,29.4,29.4,5,0,4.52006587015745,9.70559995347875,14.4429045412823,0,4.52006587015745,9.70559995347875,14.4429045412823
1,0,1,1,30318,6,9,2010,39421,25530,24206,29.4,29.4,5,0,4.56386908869133,9.94097627011741,14.6576768823914,0,4.56386908869133,9.94097627011741,14.6576768823914
0,1,0,1,30313,7,9,2010,39421,25530,24206,29.4,29.4,8,0,6.62137624353001,7.29294426139133,10.2443884091443,0,6.62137624353001,7.29294426139133,10.2443884091443
1,1,0,1,30309,1,10,2010,39421,25530,24206,29.4,29.4,4,1,11.2982504024275,6.54370324164736,12.3246700087935,1,11.2982504024275,6.54370324164736,12.3246700087935
0,1,1,0,30309,2,10,2010,39421,25530,24206,29.4,29.4,4,1,10.9905333425683,6.23736390229456,12.3348080984527,1,10.9905333425683,6.23736390229456,12.3348080984527
0,1,0,0,30309,3,10,2010,39421,25530,24206,29.4,29.4,5,1,10.5324823300612,5.90130018968699,11.3621077088977,1,10.5324823300612,5.90130018968699,11.3621077088977
1,0,1,1,30318,4,10,2010,39421,25530,24206,29.4,29.4,4,0,5.86154393097042,10.1906556793418,15.0962740709638,0,5.86154393097042,10.1906556793418,15.0962740709638
1,0,1,0,30318,5,10,2010,39421,25530,24206,29.4,29.4,4,0,5.78783709626056,10.3027064236645,15.2691679807923,0,5.78783709626056,10.3027064236645,15.2691679807923
1,0,1,1,30318,6,10,2010,39421,25530,24206,29.4,29.4,3,0,6.43506433697384,10.7187588393321,16.261841533563,0,6.43506433697384,10.7187588393321,16.261841533563
0,1,0,1,30313,7,10,2010,39421,25530,24206,29.4,29.4,10,0,7.64011901744293,8.76179474894271,8.85141205702739,0,7.64011901744293,8.76179474894271,8.85141205702739
1,1,0,1,30309,1,11,2010,39421,25530,24206,29.4,29.4,19,2,16.263736017834,15.2584422137539,4.43255031215045,2,16.263736017834,15.2584422137539,4.43255031215045
0,1,1,0,30309,2,11,2010,39421,25530,24206,29.4,29.4,20,2,16.7969456160823,16.0244507696176,5.18145761660601,2,16.7969456160823,16.0244507696176,5.18145761660601
0,1,0,0,30309,3,11,2010,39421,25530,24206,29.4,29.4,18,2,15.1926958944487,14.1798708005208,3.86619987931374,2,15.1926958944487,14.1798708005208,3.86619987931374
1,0,1,1,30318,4,11,2010,39421,25530,24206,29.4,29.4,6,0,5.90647885774644,10.6504213248932,13.6856674061418,0,5.90647885774644,10.6504213248932,13.6856674061418
1,0,1,0,30318,5,11,2010,39421,25530,24206,29.4,29.4,4,0,6.56155712122852,10.8614527660898,15.3833510921923,0,6.56155712122852,10.8614527660898,15.3833510921923
1,0,1,1,30318,6,11,2010,39421,25530,24206,29.4,29.4,5,0,6.15945194504366,10.9760558616745,14.8272550254116,0,6.15945194504366,10.9760558616745,14.8272550254116
0,1,0,1,30313,7,11,2010,39421,25530,24206,29.4,29.4,18,2,13.2597771100726,14.9539594255373,7.03189174453117,2,13.2597771100726,14.9539594255373,7.03189174453117
1,1,0,1,30309,1,0,2011,39421,25530,24206,29.4,29.4,4,1,11.7936520249721,5.61930465305215,14.9632045640516,1,11.7936520249721,5.61930465305215,14.9632045640516
0,1,1,0,30309,2,0,2011,39421,25530,24206,29.4,29.4,4,1,11.4991994975425,5.2593955088693,14.971556058929,1,11.4991994975425,5.2593955088693,14.971556058929
0,1,0,0,30309,3,0,2011,39421,25530,24206,29.4,29.4,3,1,11.636113110623,5.46125094761342,15.7859903098511,1,11.636113110623,5.46125094761342,15.7859903098511
1,0,1,1,30318,4,0,2011,39421,25530,24206,29.4,29.4,3,0,7.30140756052315,9.83502356384764,18.0262999548636,0,7.30140756052315,9.83502356384764,18.0262999548636
1,0,1,0,30318,5,0,2011,39421,25530,24206,29.4,29.4,5,0,6.27899155940131,9.63226866650919,16.7957581427155,0,6.27899155940131,9.63226866650919,16.7957581427155
1,0,1,1,30318,6,0,2011,39421,25530,24206,29.4,29.4,3,0,7.26978809534145,10.1807820782505,18.342505010568,0,7.26978809534145,10.1807820782505,18.342505010568
0,1,0,1,30313,7,0,2011,39421,25530,24206,29.4,29.4,4,1,8.53754763446887,6.94663485700031,16.0825212832333,1,8.53754763446887,6.94663485700031,16.0825212832333
1,1,0,1,30309,1,1,2011,39421,25530,24206,29.4,29.4,9,1,11.0036246659208,5.72656249719156,10.5899714182971,1,11.0036246659208,5.72656249719156,10.5899714182971
0,1,1,0,30309,2,1,2011,39421,25530,24206,29.4,29.4,8,1,10.5704401973904,4.79581765985869,11.2892645410324,1,10.5704401973904,4.79581765985869,11.2892645410324
0,1,0,0,30309,3,1,2011,39421,25530,24206,29.4,29.4,9,1,10.482154685252,5.18849713363755,10.6017684675883,1,10.482154685252,5.18849713363755,10.6017684675883
1,0,1,1,30318,4,1,2011,39421,25530,24206,29.4,29.4,5,0,5.46254039867662,9.07246932892461,16.1352871554427,0,5.46254039867662,9.07246932892461,16.1352871554427
1,0,1,0,30318,5,1,2011,39421,25530,24206,29.4,29.4,6,0,5.04654529607485,9.19153434112743,15.6380143353155,0,5.04654529607485,9.19153434112743,15.6380143353155
1,0,1,1,30318,6,1,2011,39421,25530,24206,29.4,29.4,3,0,6.51189623331509,9.77106546199583,17.8870760624176,0,6.51189623331509,9.77106546199583,17.8870760624176
0,1,0,1,30313,7,1,2011,39421,25530,24206,29.4,29.4,3,1,8.36407690023905,6.64852051450119,16.346176619097,1,8.36407690023905,6.64852051450119,16.346176619097
1,1,0,1,30309,1,2,2011,39421,25530,24206,29.4,29.4,9,1,10.6129510217825,5.15935214654142,9.88167468804506,1,10.6129510217825,5.15935214654142,9.88167468804506
0,1,1,0,30309,2,2,2011,39421,25530,24206,29.4,29.4,10,1,10.5006190869356,5.53008844861019,9.21127002119089,1,10.5006190869356,5.53008844861019,9.21127002119089
0,1,0,0,30309,3,2,2011,39421,25530,24206,29.4,29.4,9,1,10.0712730301509,4.55476662887856,9.89431627957943,1,10.0712730301509,4.55476662887856,9.89431627957943
1,0,1,1,30318,4,2,2011,39421,25530,24206,29.4,29.4,3,0,5.86689863296226,9.07625922817324,17.1448969102387,0,5.86689863296226,9.07625922817324,17.1448969102387
1,0,1,0,30318,5,2,2011,39421,25530,24206,29.4,29.4,5,0,4.53163129652256,8.85614999530701,15.8460560262986,0,4.53163129652256,8.85614999530701,15.8460560262986
1,0,1,1,30318,6,2,2011,39421,25530,24206,29.4,29.4,4,0,5.14263327253319,9.22916161646972,16.7450736285528,0,5.14263327253319,9.22916161646972,16.7450736285528
0,1,0,1,30313,7,2,2011,39421,25530,24206,29.4,29.4,3,1,7.84300682107363,6.16670264967623,15.896461557929,1,7.84300682107363,6.16670264967623,15.896461557929
1,1,0,1,30309,1,3,2011,39421,25530,24206,29.4,29.4,10,1,10.5202953291748,5.50659772021996,8.49102440246699,1,10.5202953291748,5.50659772021996,8.49102440246699
0,1,1,0,30309,2,3,2011,39421,25530,24206,29.4,29.4,9,1,9.96649707726861,4.30452871342535,9.24107648709556,1,9.96649707726861,4.30452871342535,9.24107648709556
0,1,0,0,30309,3,3,2011,39421,25530,24206,29.4,29.4,10,1,9.97358635948715,4.9446539741276,8.5057330902921,1,9.97358635948715,4.9446539741276,8.5057330902921
1,0,1,1,30318,4,3,2011,39421,25530,24206,29.4,29.4,5,0,3.86643179323831,8.48295307070829,15.2757157471784,0,3.86643179323831,8.48295307070829,15.2757157471784
1,0,1,0,30318,5,3,2011,39421,25530,24206,29.4,29.4,4,0,4.42761165753167,8.73947835597914,16.1755213463323,0,4.42761165753167,8.73947835597914,16.1755213463323
1,0,1,1,30318,6,3,2011,39421,25530,24206,29.4,29.4,5,0,3.80638429458557,8.88150482875666,15.6476033816234,0,3.80638429458557,8.88150482875666,15.6476033816234
0,1,0,1,30313,7,3,2011,39421,25530,24206,29.4,29.4,5,1,6.48394565351353,5.25454401374308,13.8599239387737,1,6.48394565351353,5.25454401374308,13.8599239387737
1,1,0,1,30309,1,4,2011,39421,25530,24206,29.4,29.4,4,1,10.4551481335899,3.29820723044151,13.034473170238,1,10.4551481335899,3.29820723044151,13.034473170238
0,1,1,0,30309,2,4,2011,39421,25530,24206,29.4,29.4,4,1,10.1218320225867,2.63871697418227,13.0440595991299,1,10.1218320225867,2.63871697418227,13.0440595991299
0,1,0,0,30309,3,4,2011,39421,25530,24206,29.4,29.4,5,1,9.62251756934776,1.69807619057277,12.1283754719498,1,9.62251756934776,1.69807619057277,12.1283754719498
1,0,1,1,30318,4,4,2011,39421,25530,24206,29.4,29.4,5,0,3.24102891286994,8.35379490636561,14.9280772904146,0,3.24102891286994,8.35379490636561,14.9280772904146
1,0,1,0,30318,5,4,2011,39421,25530,24206,29.4,29.4,5,0,3.10574136273654,8.49012283862477,15.1028967946084,0,3.10574136273654,8.49012283862477,15.1028967946084
1,0,1,1,30318,6,4,2011,39421,25530,24206,29.4,29.4,4,0,3.94418865932593,8.87852562188562,16.0436121501878,0,3.94418865932593,8.87852562188562,16.0436121501878
0,1,0,1,30313,7,4,2011,39421,25530,24206,29.4,29.4,4,1,6.56579119527911,5.24950683280008,14.3055056123736,1,6.56579119527911,5.24950683280008,14.3055056123736
1,1,0,1,30309,1,5,2011,39421,25530,24206,29.4,29.4,14,2,11.9052175241646,8.91552807734967,4.57137817895739,2,11.9052175241646,8.91552807734967,4.57137817895739
0,1,1,0,30309,2,5,2011,39421,25530,24206,29.4,29.4,5,1,9.72076992402167,2.16021553326229,11.7727435879914,1,9.72076992402167,2.16021553326229,11.7727435879914
0,1,0,0,30309,3,5,2011,39421,25530,24206,29.4,29.4,5,1,9.49462047554831,1.64586125987912,11.7727435879914,1,9.49462047554831,1.64586125987912,11.7727435879914
1,0,1,1,30318,4,5,2011,39421,25530,24206,29.4,29.4,13,0,5.99620951738783,11.1641275796918,10.0969053522408,0,5.99620951738783,11.1641275796918,10.0969053522408
1,0,1,0,30318,5,5,2011,39421,25530,24206,29.4,29.4,13,0,5.92417838814516,11.2665008362381,10.3536224429959,0,5.92417838814516,11.2665008362381,10.3536224429959
1,0,1,1,30318,6,5,2011,39421,25530,24206,29.4,29.4,12,0,5.00068838688323,10.8480446393115,10.9771351877058,0,5.00068838688323,10.8480446393115,10.9771351877058
0,1,0,1,30313,7,5,2011,39421,25530,24206,29.4,29.4,4,1,6.37687914440125,5.23284994294653,14.0052665389008,1,6.37687914440125,5.23284994294653,14.0052665389008
1,1,0,1,30309,1,6,2011,39421,25530,24206,29.4,29.4,12,2,10.8772862543907,7.18021049487635,5.14757194502115,2,10.8772862543907,7.18021049487635,5.14757194502115
0,1,1,0,30309,2,6,2011,39421,25530,24206,29.4,29.4,5,1,9.69785241783247,2.54792615433188,11.4933672867699,1,9.69785241783247,2.54792615433188,11.4933672867699
0,1,0,0,30309,3,6,2011,39421,25530,24206,29.4,29.4,4,1,9.75786250963749,2.57991249503202,12.4558215636566,1,9.75786250963749,2.57991249503202,12.4558215636566
1,0,1,1,30318,4,6,2011,39421,25530,24206,29.4,29.4,14,0,6.92794435591934,11.9306935463093,9.5077599073098,0,6.92794435591934,11.9306935463093,9.5077599073098
1,0,1,0,30318,5,6,2011,39421,25530,24206,29.4,29.4,13,0,5.88649837992512,11.347221581988,10.0348142828908,0,5.88649837992512,11.347221581988,10.0348142828908
1,0,1,1,30318,6,6,2011,39421,25530,24206,29.4,29.4,13,0,5.92020006123197,11.5491894250984,10.3415423265637,0,5.92020006123197,11.5491894250984,10.3415423265637
0,1,0,1,30313,7,6,2011,39421,25530,24206,29.4,29.4,4,1,6.34188940494822,5.40445326218816,13.7712559639872,1,6.34188940494822,5.40445326218816,13.7712559639872
1,1,0,1,30309,1,7,2011,39421,25530,24206,29.4,29.4,12,2,10.9485309453941,7.44182902843873,4.69014892398619,2,10.9485309453941,7.44182902843873,4.69014892398619
0,1,1,0,30309,2,7,2011,39421,25530,24206,29.4,29.4,5,1,9.77769477537288,3.21205918776557,11.2959059658176,1,9.77769477537288,3.21205918776557,11.2959059658176
0,1,0,0,30309,3,7,2011,39421,25530,24206,29.4,29.4,4,1,9.83721781599268,3.23749054358513,12.2738539516182,1,9.83721781599268,3.23749054358513,12.2738539516182
1,0,1,1,30318,4,7,2011,39421,25530,24206,29.4,29.4,13,0,6.08806009998278,11.414400452551,9.53663974847054,0,6.08806009998278,11.414400452551,9.53663974847054
1,0,1,0,30318,5,7,2011,39421,25530,24206,29.4,29.4,13,0,6.01712861580638,11.5145488043829,9.8080323048055,0,6.01712861580638,11.5145488043829,9.8080323048055
1,0,1,1,30318,6,7,2011,39421,25530,24206,29.4,29.4,13,0,6.05010267411273,11.7136319267162,10.1216351293706,0,6.05010267411273,11.7136319267162,10.1216351293706
0,1,0,1,30313,7,7,2011,39421,25530,24206,29.4,29.4,3,1,7.02051451154985,6.09550689101634,14.4981891994385,1,7.02051451154985,6.09550689101634,14.4981891994385
1,1,0,1,30309,1,8,2011,39421,25530,24206,29.4,29.4,14,2,12.0995506158105,9.5374436046224,2.71983426977596,2,12.0995506158105,9.5374436046224,2.71983426977596
0,1,1,0,30309,2,8,2011,39421,25530,24206,29.4,29.4,4,1,10.2309030834351,4.27368850303349,12.1715853866969,1,10.2309030834351,4.27368850303349,12.1715853866969
0,1,0,0,30309,3,8,2011,39421,25530,24206,29.4,29.4,5,1,9.7371833084104,3.7663044088487,11.1846989940987,1,9.7371833084104,3.7663044088487,11.1846989940987
1,0,1,1,30318,4,8,2011,39421,25530,24206,29.4,29.4,12,0,5.48931130136467,11.0560221999799,9.77228207376193,0,5.48931130136467,11.0560221999799,9.77228207376193
1,0,1,0,30318,5,8,2011,39421,25530,24206,29.4,29.4,11,0,4.55927502366728,10.6138407761393,10.4784300430088,0,4.55927502366728,10.6138407761393,10.4784300430088
1,0,1,1,30318,6,8,2011,39421,25530,24206,29.4,29.4,13,0,6.33709049719198,11.9597060771729,9.99737453995339,0,6.33709049719198,11.9597060771729,9.99737453995339
0,1,0,1,30313,7,8,2011,39421,25530,24206,29.4,29.4,5,1,6.31002529703262,6.06112328543704,12.633190079651,1,6.31002529703262,6.06112328543704,12.633190079651
1,1,0,1,30309,1,9,2011,39421,25530,24206,29.4,29.4,4,1,10.8205818007528,5.47769601418703,12.140736832073,1,10.8205818007528,5.47769601418703,12.140736832073
0,1,1,0,30309,2,9,2011,39421,25530,24206,29.4,29.4,4,1,10.4988738207932,5.10781851270593,12.1510283855175,1,10.4988738207932,5.10781851270593,12.1510283855175
0,1,0,0,30309,3,9,2011,39421,25530,24206,29.4,29.4,6,1,9.84147464579817,4.6785417365268,10.175828828726,1,9.84147464579817,4.6785417365268,10.175828828726
1,0,1,1,30318,4,9,2011,39421,25530,24206,29.4,29.4,4,0,4.87772750423045,9.54120352387447,14.946487574867,0,4.87772750423045,9.54120352387447,14.946487574867
1,0,1,0,30318,5,9,2011,39421,25530,24206,29.4,29.4,6,0,3.72926376697795,9.54397589301078,13.5848258123368,0,3.72926376697795,9.54397589301078,13.5848258123368
1,0,1,1,30318,6,9,2011,39421,25530,24206,29.4,29.4,6,0,3.78223661764366,9.7832415176383,13.8129465484933,0,3.78223661764366,9.7832415176383,13.8129465484933
0,1,0,1,30313,7,9,2011,39421,25530,24206,29.4,29.4,11,0,7.36836873205532,8.59258145578054,7.92448712322945,0,7.36836873205532,8.59258145578054,7.92448712322945
1,1,0,1,30309,1,10,2011,39421,25530,24206,29.4,29.4,3,1,11.4957841528567,6.62964877041702,13.1889154240489,1,11.4957841528567,6.62964877041702,13.1889154240489
0,1,1,0,30309,2,10,2011,39421,25530,24206,29.4,29.4,4,1,10.852710495873,5.9929297089589,12.2125955810243,1,10.852710495873,5.9929297089589,12.2125955810243
0,1,0,0,30309,3,10,2011,39421,25530,24206,29.4,29.4,6,1,10.2181014286502,5.63153170267237,10.2492678934416,1,10.2181014286502,5.63153170267237,10.2492678934416
1,0,1,1,30318,4,10,2011,39421,25530,24206,29.4,29.4,4,0,5.59885695547057,10.0429060147835,14.9965826382431,0,5.59885695547057,10.0429060147835,14.9965826382431
1,0,1,0,30318,5,10,2011,39421,25530,24206,29.4,29.4,4,0,5.52164470117146,10.1565869119056,15.1706127373173,0,5.52164470117146,10.1565869119056,15.1706127373173
1,0,1,1,30318,6,10,2011,39421,25530,24206,29.4,29.4,4,0,5.55755933788609,10.3817434203107,15.3752232772618,0,5.55755933788609,10.3817434203107,15.3752232772618
0,1,0,1,30313,7,10,2011,39421,25530,24206,29.4,29.4,8,0,6.95608359019668,7.74744671388042,10.1709141121834,0,6.95608359019668,7.74744671388042,10.1709141121834
1,1,0,1,30309,1,11,2011,39421,25530,24206,29.4,29.4,19,2,16.1709186879075,15.1601634831997,4.0801350798405,2,16.1709186879075,15.1601634831997,4.0801350798405
0,1,1,0,30309,2,11,2011,39421,25530,24206,29.4,29.4,22,2,18.2784219102775,17.7637308918997,6.61418963732999,2,18.2784219102775,17.7637308918997,6.61418963732999
0,1,0,0,30309,3,11,2011,39421,25530,24206,29.4,29.4,19,2,15.8206960108589,14.9652110345583,4.11065715789398,2,15.8206960108589,14.9652110345583,4.11065715789398
1,0,1,1,30318,4,11,2011,39421,25530,24206,29.4,29.4,5,0,5.94887246712546,10.5149258248494,14.3299508578569,0,5.94887246712546,10.5149258248494,14.3299508578569
1,0,1,0,30318,5,11,2011,39421,25530,24206,29.4,29.4,5,0,5.87626110960678,10.6235569175019,14.5119775216403,0,5.87626110960678,10.6235569175019,14.5119775216403
1,0,1,1,30318,6,11,2011,39421,25530,24206,29.4,29.4,3,0,6.92492083538956,11.1232947295491,16.2772076862929,0,6.92492083538956,11.1232947295491,16.2772076862929
0,1,0,1,30313,7,11,2011,39421,25530,24206,29.4,29.4,18,2,13.1457670358914,14.853666232533,6.81524038510789,2,13.1457670358914,14.853666232533,6.81524038510789
1,1,0,1,30309,1,0,2012,39421,25530,24206,29.4,29.4,5,1,11.513758763291,5.33529663404181,14.13674260884,1,11.513758763291,5.33529663404181,14.13674260884
0,1,1,0,30309,2,0,2012,39421,25530,24206,29.4,29.4,5,1,11.2119579850004,4.95480034997565,14.145582051955,1,11.2119579850004,4.95480034997565,14.145582051955
0,1,0,0,30309,3,0,2012,39421,25530,24206,29.4,29.4,4,1,11.2639043451347,4.97132450180159,14.9381220648933,1,11.2639043451347,4.97132450180159,14.9381220648933
1,0,1,1,30318,4,0,2012,39421,25530,24206,29.4,29.4,5,0,6.26688726227018,9.4601691968681,16.6086571277931,0,6.26688726227018,9.4601691968681,16.6086571277931
1,0,1,0,30318,5,0,2012,39421,25530,24206,29.4,29.4,4,0,6.62784475800019,9.69086117783969,17.4398248507734,0,6.62784475800019,9.69086117783969,17.4398248507734
1,0,1,1,30318,6,0,2012,39421,25530,24206,29.4,29.4,4,0,6.65779480941705,9.92658698215209,17.6181012264561,0,6.65779480941705,9.92658698215209,17.6181012264561
0,1,0,1,30313,7,0,2012,39421,25530,24206,29.4,29.4,5,1,8.14654113007215,6.71896876208663,15.3165757135397,1,8.14654113007215,6.71896876208663,15.3165757135397
1,1,0,1,30309,1,1,2012,39421,25530,24206,29.4,29.4,11,1,11.4474049190897,7.03993116203379,9.32992476744745,1,11.4474049190897,7.03993116203379,9.32992476744745
0,1,1,0,30309,2,1,2012,39421,25530,24206,29.4,29.4,9,1,10.6400478730003,5.28097267707539,10.5545011554479,1,10.6400478730003,5.28097267707539,10.5545011554479
0,1,0,0,30309,3,1,2012,39421,25530,24206,29.4,29.4,10,1,10.6466886691912,5.81457718971632,9.91703057388097,1,10.6466886691912,5.81457718971632,9.91703057388097
1,0,1,1,30318,4,1,2012,39421,25530,24206,29.4,29.4,4,0,5.86019954782189,9.13465327358534,16.8046865732644,0,5.86019954782189,9.13465327358534,16.8046865732644
1,0,1,0,30318,5,1,2012,39421,25530,24206,29.4,29.4,5,0,5.28868703540424,9.14420550121609,16.2664529504312,0,5.28868703540424,9.14420550121609,16.2664529504312
1,0,1,1,30318,6,1,2012,39421,25530,24206,29.4,29.4,4,0,5.82075642220112,9.50592055784247,17.1434387106453,0,5.82075642220112,9.50592055784247,17.1434387106453
0,1,0,1,30313,7,1,2012,39421,25530,24206,29.4,29.4,5,1,7.47804158762521,6.08029092755246,14.7681241729812,1,7.47804158762521,6.08029092755246,14.7681241729812
1,1,0,1,30309,1,2,2012,39421,25530,24206,29.4,29.4,11,1,11.0724005068411,6.5868070644247,8.51748179723499,1,11.0724005068411,6.5868070644247,8.51748179723499
0,1,1,0,30309,2,2,2012,39421,25530,24206,29.4,29.4,10,1,10.4523922219768,5.43988752607321,9.15682780242645,1,10.4523922219768,5.43988752607321,9.15682780242645
0,1,0,0,30309,3,2,2012,39421,25530,24206,29.4,29.4,8,1,9.89611699511296,3.72533082395262,10.5805242723322,1,9.89611699511296,3.72533082395262,10.5805242723322
1,0,1,1,30318,4,2,2012,39421,25530,24206,29.4,29.4,4,0,5.08890089730452,8.7901812817714,16.3675743720825,0,5.08890089730452,8.7901812817714,16.3675743720825
1,0,1,0,30318,5,2,2012,39421,25530,24206,29.4,29.4,4,0,5.00382587034565,8.91984211988766,16.5271743146145,0,5.00382587034565,8.91984211988766,16.5271743146145
1,0,1,1,30318,6,2,2012,39421,25530,24206,29.4,29.4,4,0,5.04342928263007,9.17539765840113,16.7151874301682,0,5.04342928263007,9.17539765840113,16.7151874301682
0,1,0,1,30313,7,2,2012,39421,25530,24206,29.4,29.4,7,1,6.51535887181679,5.70543153376816,12.7866138251873,1,6.51535887181679,5.70543153376816,12.7866138251873
1,1,0,1,30309,1,3,2012,39421,25530,24206,29.4,29.4,10,1,10.4721590785369,5.41600558522669,8.43193307630522,1,10.4721590785369,5.41600558522669,8.43193307630522
0,1,1,0,30309,2,3,2012,39421,25530,24206,29.4,29.4,8,1,9.78946653931262,3.41484379570267,9.97233643021589,1,9.78946653931262,3.41484379570267,9.97233643021589
0,1,0,0,30309,3,3,2012,39421,25530,24206,29.4,29.4,11,1,10.2444539943952,5.77394218132293,7.76514624242386,1,10.2444539943952,5.77394218132293,7.76514624242386
1,0,1,1,30318,4,3,2012,39421,25530,24206,29.4,29.4,4,0,4.41042922456326,8.54942591664405,15.9811604968367,0,4.41042922456326,8.54942591664405,15.9811604968367
1,0,1,0,30318,5,3,2012,39421,25530,24206,29.4,29.4,5,0,3.61665007472975,8.55963126098503,15.4141977276987,0,3.61665007472975,8.55963126098503,15.4141977276987
1,0,1,1,30318,6,3,2012,39421,25530,24206,29.4,29.4,4,0,4.35788395109202,8.94501641851895,16.3369976074447,0,4.35788395109202,8.94501641851895,16.3369976074447
0,1,0,1,30313,7,3,2012,39421,25530,24206,29.4,29.4,5,1,6.40554862528121,5.15952816052381,13.8238016330021,1,6.40554862528121,5.15952816052381,13.8238016330021
1,1,0,1,30309,1,4,2012,39421,25530,24206,29.4,29.4,2,1,11.194900750271,4.48687578352165,14.8659843030919,1,11.194900750271,4.48687578352165,14.8659843030919
0,1,1,0,30309,2,4,2012,39421,25530,24206,29.4,29.4,6,1,9.61326204191905,1.93130525856769,11.1824636083259,1,9.61326204191905,1.93130525856769,11.1824636083259
0,1,0,0,30309,3,4,2012,39421,25530,24206,29.4,29.4,4,1,9.85370161439467,2.0039095422039,13.0056714869188,1,9.85370161439467,2.0039095422039,13.0056714869188
1,0,1,1,30318,4,4,2012,39421,25530,24206,29.4,29.4,4,0,3.87386880872037,8.42128731501103,15.6492009644471,0,3.87386880872037,8.42128731501103,15.6492009644471
1,0,1,0,30318,5,4,2012,39421,25530,24206,29.4,29.4,6,0,2.26319291827828,8.42442824198427,14.3543544735224,0,2.26319291827828,8.42442824198427,14.3543544735224
1,0,1,1,30318,6,4,2012,39421,25530,24206,29.4,29.4,6,0,2.34945691032948,8.69455749020116,14.5704321264516,0,2.34945691032948,8.69455749020116,14.5704321264516
0,1,0,1,30313,7,4,2012,39421,25530,24206,29.4,29.4,4,1,6.48838315554265,5.15439812533818,14.2705112321056,1,6.48838315554265,5.15439812533818,14.2705112321056
1,1,0,1,30309,1,5,2012,39421,25530,24206,29.4,29.4,13,2,11.3241686419266,7.91320615189293,4.99474700982025,2,11.3241686419266,7.91320615189293,4.99474700982025
0,1,1,0,30309,2,5,2012,39421,25530,24206,29.4,29.4,5,1,9.66865398433977,1.91755813393562,11.7301957182561,1,9.66865398433977,1.91755813393562,11.7301957182561
0,1,0,0,30309,3,5,2012,39421,25530,24206,29.4,29.4,4,1,9.72884418149551,1.95985968658897,12.6746791212107,1,9.72884418149551,1.95985968658897,12.6746791212107
1,0,1,1,30318,4,5,2012,39421,25530,24206,29.4,29.4,13,0,5.91134760689451,11.1197231378533,10.0472631941294,0,5.91134760689451,11.1197231378533,10.0472631941294
1,0,1,0,30318,5,5,2012,39421,25530,24206,29.4,29.4,13,0,5.83826956620634,11.222501465352,10.3052170133437,0,5.83826956620634,11.222501465352,10.3052170133437
1,0,1,1,30318,6,5,2012,39421,25530,24206,29.4,29.4,13,0,5.87224804617798,11.4266739642776,10.6041264464409,0,5.87224804617798,11.4266739642776,10.6041264464409
0,1,0,1,30313,7,5,2012,39421,25530,24206,29.4,29.4,5,1,5.84303006970116,4.92661383861164,13.1185933540373,1,5.84303006970116,4.92661383861164,13.1185933540373
1,1,0,1,30309,1,6,2012,39421,25530,24206,29.4,29.4,12,2,10.8307367345477,7.11097186027392,5.04950462215541,2,10.8307367345477,7.11097186027392,5.04950462215541
0,1,1,0,30309,2,6,2012,39421,25530,24206,29.4,29.4,4,1,9.92728223892002,2.76118061565594,12.4156147985371,1,9.92728223892002,2.76118061565594,12.4156147985371
0,1,0,0,30309,3,6,2012,39421,25530,24206,29.4,29.4,4,1,9.70594574011796,2.38042990421843,12.4156147985371,1,9.70594574011796,2.38042990421843,12.4156147985371
1,0,1,1,30318,4,6,2012,39421,25530,24206,29.4,29.4,12,0,4.90021359859191,10.5638691707992,10.0745966137195,0,4.90021359859191,10.5638691707992,10.0745966137195
1,0,1,0,30318,5,6,2012,39421,25530,24206,29.4,29.4,13,0,5.80003147663752,11.3035364235096,9.98486342881606,0,5.80003147663752,11.3035364235096,9.98486342881606
1,0,1,1,30318,6,6,2012,39421,25530,24206,29.4,29.4,14,0,6.82093699854671,12.1767229485691,10.0447746841354,0,6.82093699854671,12.1767229485691,10.0447746841354
0,1,0,1,30313,7,6,2012,39421,25530,24206,29.4,29.4,4,1,6.26171407665022,5.31211945555173,13.7349004665361,1,6.26171407665022,5.31211945555173,13.7349004665361
1,1,0,1,30309,1,7,2012,39421,25530,24206,29.4,29.4,14,2,11.9093934965384,9.17321819322133,2.98286748868396,2,11.9093934965384,9.17321819322133,2.98286748868396
0,1,1,0,30309,2,7,2012,39421,25530,24206,29.4,29.4,1,1,11.3421855827459,5.46027406843896,15.1920205547792,1,11.3421855827459,5.46027406843896,15.1920205547792
0,1,0,0,30309,3,7,2012,39421,25530,24206,29.4,29.4,3,1,10.1623543282254,3.68965252078686,13.2173178089472,1,10.1623543282254,3.68965252078686,13.2173178089472
1,0,1,1,30318,4,7,2012,39421,25530,24206,29.4,29.4,12,0,5.05638872260826,10.7434039482625,9.84873072680784,0,5.05638872260826,10.7434039482625,9.84873072680784
1,0,1,0,30318,5,7,2012,39421,25530,24206,29.4,29.4,12,0,4.97075727754571,10.8497476870598,10.1117504384339,0,4.97075727754571,10.8497476870598,10.1117504384339
1,0,1,1,30318,6,7,2012,39421,25530,24206,29.4,29.4,12,0,5.01062206721118,11.0608030277612,10.4162131760621,0,5.01062206721118,11.0608030277612,10.4162131760621
0,1,0,1,30313,7,7,2012,39421,25530,24206,29.4,29.4,4,1,6.38467201820222,5.66074285300366,13.5700954611842,1,6.38467201820222,5.66074285300366,13.5700954611842
1,1,0,1,30309,1,8,2012,39421,25530,24206,29.4,29.4,11,2,10.6737010730891,6.9525827237538,5.24857086893465,2,10.6737010730891,6.9525827237538,5.24857086893465
0,1,1,0,30309,2,8,2012,39421,25530,24206,29.4,29.4,4,1,10.181398718043,4.15630983780512,12.1304365472003,1,10.181398718043,4.15630983780512,12.1304365472003
0,1,0,0,30309,3,8,2012,39421,25530,24206,29.4,29.4,4,1,9.96570769763511,3.91372451821266,12.1304365472003,1,9.96570769763511,3.91372451821266,12.1304365472003
1,0,1,1,30318,4,8,2012,39421,25530,24206,29.4,29.4,11,0,4.5425906371153,10.4579069411997,10.1758290161652,0,4.5425906371153,10.4579069411997,10.1758290161652
1,0,1,0,30318,5,8,2012,39421,25530,24206,29.4,29.4,14,0,7.15801810242075,12.3813987939853,9.36202427122723,0,7.15801810242075,12.3813987939853,9.36202427122723
1,0,1,1,30318,6,8,2012,39421,25530,24206,29.4,29.4,15,0,8.13154595158513,13.2590226707816,9.53139544966986,0,8.13154595158513,13.2590226707816,9.53139544966986
0,1,0,1,30313,7,8,2012,39421,25530,24206,29.4,29.4,4,1,6.65725246496701,6.15381232941116,13.4776663716555,1,6.65725246496701,6.15381232941116,13.4776663716555
1,1,0,1,30309,1,9,2012,39421,25530,24206,29.4,29.4,4,1,10.7737872848831,5.38661783225016,12.0994830809276,1,10.7737872848831,5.38661783225016,12.0994830809276
0,1,1,0,30309,2,9,2012,39421,25530,24206,29.4,29.4,4,1,10.4506389019075,5.01002075900055,12.1098096940312,1,10.4506389019075,5.01002075900055,12.1098096940312
0,1,0,0,30309,3,9,2012,39421,25530,24206,29.4,29.4,6,1,9.79000128483206,4.57156984276717,10.1265735740937,1,9.79000128483206,4.57156984276717,10.1265735740937
1,0,1,1,30318,4,9,2012,39421,25530,24206,29.4,29.4,5,0,4.15555512280351,9.37674624128215,14.1190471204183,0,4.15555512280351,9.37674624128215,14.1190471204183
1,0,1,0,30318,5,9,2012,39421,25530,24206,29.4,29.4,4,0,4.68220979418959,9.60944114962922,15.0879916100737,0,4.68220979418959,9.60944114962922,15.0879916100737
1,0,1,1,30318,6,9,2012,39421,25530,24206,29.4,29.4,4,0,4.72450993701515,9.84711622528435,15.2937075565624,0,4.72450993701515,9.84711622528435,15.2937075565624
0,1,0,1,30313,7,9,2012,39421,25530,24206,29.4,29.4,10,0,6.84071991128479,7.93502657705501,8.53507442283252,0,6.84071991128479,7.93502657705501,8.53507442283252
1,1,0,1,30309,1,10,2012,39421,25530,24206,29.4,29.4,4,1,11.1188788131809,6.23225867631441,12.1613112297011,1,11.1188788131809,6.23225867631441,12.1613112297011
0,1,1,0,30309,2,10,2012,39421,25530,24206,29.4,29.4,5,1,10.5478783591945,5.7274786674353,11.1846989940987,1,10.5478783591945,5.7274786674353,11.1846989940987
0,1,0,0,30309,3,10,2012,39421,25530,24206,29.4,29.4,6,1,10.1685347400355,5.54298181172183,10.200367265522,1,10.1685347400355,5.54298181172183,10.200367265522
1,0,1,1,30318,4,10,2012,39421,25530,24206,29.4,29.4,5,0,4.98232997511741,9.88679759129212,14.1720673011594,0,4.98232997511741,9.88679759129212,14.1720673011594
1,0,1,0,30318,5,10,2012,39421,25530,24206,29.4,29.4,4,0,5.42937032804908,10.1077572065206,15.137618400054,0,5.42937032804908,10.1077572065206,15.137618400054
1,0,1,1,30318,6,10,2012,39421,25530,24206,29.4,29.4,6,0,4.56615696042794,10.2248574159788,13.8310336689465,0,4.56615696042794,10.2248574159788,13.8310336689465
0,1,0,1,30313,7,10,2012,39421,25530,24206,29.4,29.4,10,0,7.37227390341292,8.53170811246787,8.62249937102288,0,7.37227390341292,8.53170811246787,8.62249937102288
1,1,0,1,30309,1,11,2012,39421,25530,24206,29.4,29.4,19,2,16.1396441461403,15.1274933443785,3.95569238815975,2,16.1396441461403,15.1274933443785,3.95569238815975
0,1,1,0,30309,2,11,2012,39421,25530,24206,29.4,29.4,20,2,16.6768218175969,15.8998119033417,4.77990617404615,2,16.6768218175969,15.8998119033417,4.77990617404615
0,1,0,0,30309,3,11,2012,39421,25530,24206,29.4,29.4,20,2,16.5460217573534,15.8381295201886,4.77990617404615,2,16.5460217573534,15.8381295201886,4.77990617404615
1,0,1,1,30318,4,11,2012,39421,25530,24206,29.4,29.4,4,0,6.31598565255187,10.5686260131784,15.0797046000793,0,6.31598565255187,10.5686260131784,15.0797046000793
1,0,1,0,30318,5,11,2012,39421,25530,24206,29.4,29.4,4,0,6.24764241625549,10.6767107427217,15.2527863299023,0,6.24764241625549,10.6767107427217,15.2527863299023
1,0,1,1,30318,6,11,2012,39421,25530,24206,29.4,29.4,3,0,6.85157139126036,11.0787266275186,16.2464608472958,0,6.85157139126036,11.0787266275186,16.2464608472958
0,1,0,1,30313,7,11,2012,39421,25530,24206,29.4,29.4,18,2,13.1072763347331,14.8203204619322,6.74147621124673,2,13.1072763347331,14.8203204619322,6.74147621124673
1,1,0,1,30309,1,0,2013,39421,25530,24206,29.4,29.4,4,1,11.7927618475223,5.62117255361936,14.9632045640516,1,11.7927618475223,5.62117255361936,14.9632045640516
0,1,1,0,30309,2,0,2013,39421,25530,24206,29.4,29.4,6,1,11.0988474460435,5.04369427082205,13.418177683707,1,11.0988474460435,5.04369427082205,13.418177683707
0,1,0,0,30309,3,0,2013,39421,25530,24206,29.4,29.4,5,1,11.0612817462298,4.85827877870518,14.1808847251712,1,11.0612817462298,4.85827877870518,14.1808847251712
1,0,1,1,30318,4,0,2013,39421,25530,24206,29.4,29.4,5,0,6.34534300972999,9.51342731512923,16.6387346751065,0,6.34534300972999,9.51342731512923,16.6387346751065
1,0,1,0,30318,5,0,2013,39421,25530,24206,29.4,29.4,5,0,6.27731940475255,9.63335848796072,16.7957581427155,0,6.27731940475255,9.63335848796072,16.7957581427155
1,0,1,1,30318,6,0,2013,39421,25530,24206,29.4,29.4,2,0,7.89568945928163,10.4781206557306,19.0656101213618,0,7.89568945928163,10.4781206557306,19.0656101213618
0,1,0,1,30313,7,0,2013,39421,25530,24206,29.4,29.4,5,1,8.20704784542422,6.79375001547532,15.349185372149,1,8.20704784542422,6.79375001547532,15.349185372149
1,1,0,1,30309,1,1,2013,39421,25530,24206,29.4,29.4,8,1,10.88907015657,5.19001028760652,11.2781866395893,1,10.88907015657,5.19001028760652,11.2781866395893
0,1,1,0,30309,2,1,2013,39421,25530,24206,29.4,29.4,9,1,10.6864456529224,5.37579486800713,10.6017684675883,1,10.6864456529224,5.37579486800713,10.6017684675883
0,1,0,0,30309,3,1,2013,39421,25530,24206,29.4,29.4,9,1,10.481153121284,5.19052007023526,10.6017684675883,1,10.481153121284,5.19052007023526,10.6017684675883
1,0,1,1,30318,4,1,2013,39421,25530,24206,29.4,29.4,5,0,5.46061823545871,9.07362638739483,16.1352871554427,0,5.46061823545871,9.07362638739483,16.1352871554427
1,0,1,0,30318,5,1,2013,39421,25530,24206,29.4,29.4,4,0,5.87135433197235,9.31389740939937,16.9896289195984,0,5.87135433197235,9.31389740939937,16.9896289195984
1,0,1,1,30318,6,1,2013,39421,25530,24206,29.4,29.4,6,0,5.08375146124741,9.44084945245637,15.8365871434325,0,5.08375146124741,9.44084945245637,15.8365871434325
0,1,0,1,30313,7,1,2013,39421,25530,24206,29.4,29.4,5,1,7.54391197850142,6.16282693336035,14.801942155967,1,7.54391197850142,6.16282693336035,14.801942155967
1,1,0,1,30309,1,2,2013,39421,25530,24206,29.4,29.4,10,1,10.8213051022976,5.87522067741297,9.19768967748369,1,10.8213051022976,5.87522067741297,9.19768967748369
0,1,1,0,30309,2,2,2013,39421,25530,24206,29.4,29.4,9,1,10.2837295907253,4.76702915878145,9.89431627957943,1,10.2837295907253,4.76702915878145,9.89431627957943
0,1,0,0,30309,3,2,2013,39421,25530,24206,29.4,29.4,9,1,10.0702306008401,4.5570708944777,9.89431627957943,1,10.0702306008401,4.5570708944777,9.89431627957943
1,0,1,1,30318,4,2,2013,39421,25530,24206,29.4,29.4,4,0,5.18521111389997,8.84747336889347,16.3980941217464,0,5.18521111389997,8.84747336889347,16.3980941217464
1,0,1,0,30318,5,2,2013,39421,25530,24206,29.4,29.4,5,0,4.52931408867532,8.85733531222152,15.8460560262986,0,4.52931408867532,8.85733531222152,15.8460560262986
1,0,1,1,30318,6,2,2013,39421,25530,24206,29.4,29.4,4,0,5.1405914914546,9.2302990328953,16.7450736285528,0,5.1405914914546,9.2302990328953,16.7450736285528
0,1,0,1,30313,7,2,2013,39421,25530,24206,29.4,29.4,6,1,6.704661987131,5.62886664354928,13.5479700454176,1,6.704661987131,5.62886664354928,13.5479700454176
1,1,0,1,30309,1,3,2013,39421,25530,24206,29.4,29.4,10,1,10.5192973966566,5.50850383916374,8.49102440246699,1,10.5192973966566,5.50850383916374,8.49102440246699
0,1,1,0,30309,2,3,2013,39421,25530,24206,29.4,29.4,9,1,9.96544368793752,4.30696686061703,9.24107648709556,1,9.96544368793752,4.30696686061703,9.24107648709556
0,1,0,0,30309,3,3,2013,39421,25530,24206,29.4,29.4,10,1,9.97253371899028,4.94677662903894,8.5057330902921,1,9.97253371899028,4.94677662903894,8.5057330902921
1,0,1,1,30318,4,3,2013,39421,25530,24206,29.4,29.4,4,0,4.5212153120601,8.6083204837564,16.0124167702959,0,4.5212153120601,8.6083204837564,16.0124167702959
1,0,1,0,30318,5,3,2013,39421,25530,24206,29.4,29.4,5,0,3.75095450734446,8.61845608974758,15.4466012957088,0,3.75095450734446,8.61845608974758,15.4466012957088
1,0,1,1,30318,6,3,2013,39421,25530,24206,29.4,29.4,5,0,3.80362528442507,8.8826867622909,15.6476033816234,0,3.80362528442507,8.8826867622909,15.6476033816234
0,1,0,1,30313,7,3,2013,39421,25530,24206,29.4,29.4,4,1,6.89446475978808,5.45462386820429,14.6679068317757,1,6.89446475978808,5.45462386820429,14.6679068317757
1,1,0,1,30309,1,4,2013,39421,25530,24206,29.4,29.4,4,1,10.4541439822473,3.30138865156568,13.034473170238,1,10.4541439822473,3.30138865156568,13.034473170238
0,1,1,0,30309,2,4,2013,39421,25530,24206,29.4,29.4,4,1,10.1207948007907,2.64269244589445,13.0440595991299,1,10.1207948007907,2.64269244589445,13.0440595991299
0,1,0,0,30309,3,4,2013,39421,25530,24206,29.4,29.4,4,1,9.9037839969705,2.24190800440402,13.0440595991299,1,9.9037839969705,2.24190800440402,13.0440595991299
1,0,1,1,30318,4,4,2013,39421,25530,24206,29.4,29.4,6,0,2.64011044093164,8.34776573544678,14.2055444229192,0,2.64011044093164,8.34776573544678,14.2055444229192
1,0,1,0,30318,5,4,2013,39421,25530,24206,29.4,29.4,5,0,3.1023593148542,8.49135924977196,15.1028967946084,0,3.1023593148542,8.49135924977196,15.1028967946084
1,0,1,1,30318,6,4,2013,39421,25530,24206,29.4,29.4,4,0,3.94152611136921,8.87970795196719,16.0436121501878,0,3.94152611136921,8.87970795196719,16.0436121501878
0,1,0,1,30313,7,4,2013,39421,25530,24206,29.4,29.4,4,1,6.56419210004206,5.25150626785922,14.3055056123736,1,6.56419210004206,5.25150626785922,14.3055056123736
1,1,0,1,30309,1,5,2013,39421,25530,24206,29.4,29.4,13,2,11.3677745132422,7.97679946151532,5.09386863710759,2,11.3677745132422,7.97679946151532,5.09386863710759
0,1,1,0,30309,2,5,2013,39421,25530,24206,29.4,29.4,4,1,9.99927302367562,2.60944819863671,12.7140666517701,1,9.99927302367562,2.60944819863671,12.7140666517701
0,1,0,0,30309,3,5,2013,39421,25530,24206,29.4,29.4,4,1,9.77956599553088,2.20262299043472,12.7140666517701,1,9.77956599553088,2.20262299043472,12.7140666517701
1,0,1,1,30318,4,5,2013,39421,25530,24206,29.4,29.4,13,0,5.99445848118597,11.1650678775091,10.0969053522408,0,5.99445848118597,11.1650678775091,10.0969053522408
1,0,1,0,30318,5,5,2013,39421,25530,24206,29.4,29.4,11,0,4.01261409068969,10.0597426657765,11.1039405692857,0,4.01261409068969,10.0597426657765,11.1039405692857
1,0,1,1,30318,6,5,2013,39421,25530,24206,29.4,29.4,12,0,4.99858862569814,10.8490123324773,10.9771351877058,0,4.99858862569814,10.8490123324773,10.9771351877058
0,1,0,1,30313,7,5,2013,39421,25530,24206,29.4,29.4,5,1,5.92709898251724,5.02812310526252,13.1566519900996,1,5.92709898251724,5.02812310526252,13.1566519900996
1,1,0,1,30309,1,6,2013,39421,25530,24206,29.4,29.4,12,2,10.8763210768259,7.18167242670414,5.14757194502115,2,10.8763210768259,7.18167242670414,5.14757194502115
0,1,1,0,30309,2,6,2013,39421,25530,24206,29.4,29.4,4,1,9.97699526933344,2.93847178634561,12.4558215636566,1,9.97699526933344,2.93847178634561,12.4558215636566
0,1,0,0,30309,3,6,2013,39421,25530,24206,29.4,29.4,7,1,9.20084871755105,2.51234285147554,9.59153236529344,1,9.20084871755105,2.51234285147554,9.59153236529344
1,0,1,1,30318,4,6,2013,39421,25530,24206,29.4,29.4,12,0,5.00015952395021,10.6115894146276,10.1241047470465,0,5.00015952395021,10.6115894146276,10.1241047470465
1,0,1,0,30318,5,6,2013,39421,25530,24206,29.4,29.4,11,0,3.95677209895849,10.1500649771036,10.8072890294574,0,3.95677209895849,10.1500649771036,10.8072890294574
1,0,1,1,30318,6,6,2013,39421,25530,24206,29.4,29.4,12,0,4.95387341897769,10.9328159743053,10.6769610343566,0,4.95387341897769,10.9328159743053,10.6769610343566
0,1,0,1,30313,7,6,2013,39421,25530,24206,29.4,29.4,5,1,5.88943765998519,5.20647851233975,12.9072650700523,1,5.88943765998519,5.20647851233975,12.9072650700523
1,1,0,1,30309,1,7,2013,39421,25530,24206,29.4,29.4,12,2,10.9475720490208,7.44323957576695,4.69014892398619,2,10.9475720490208,7.44323957576695,4.69014892398619
0,1,1,0,30309,2,7,2013,39421,25530,24206,29.4,29.4,5,1,9.77662104341802,3.21532584965493,11.2959059658176,1,9.77662104341802,3.21532584965493,11.2959059658176
0,1,0,0,30309,3,7,2013,39421,25530,24206,29.4,29.4,3,1,10.2109229477813,3.82413830437967,13.2550929858192,1,10.2109229477813,3.82413830437967,13.2550929858192
1,0,1,1,30318,4,7,2013,39421,25530,24206,29.4,29.4,13,0,6.08633548921289,11.415320135018,9.53663974847054,0,6.08633548921289,11.415320135018,9.53663974847054
1,0,1,0,30318,5,7,2013,39421,25530,24206,29.4,29.4,11,0,4.14861652185296,10.3367894230852,10.5970512958195,0,4.14861652185296,10.3367894230852,10.5970512958195
1,0,1,1,30318,6,7,2013,39421,25530,24206,29.4,29.4,12,0,5.10840830920441,11.1063883268057,10.464105166194,0,5.10840830920441,11.1063883268057,10.464105166194
0,1,0,1,30313,7,7,2013,39421,25530,24206,29.4,29.4,3,1,7.01901901358958,6.09722890764138,14.4981891994385,1,7.01901901358958,6.09722890764138,14.4981891994385
1,1,0,1,30309,1,8,2013,39421,25530,24206,29.4,29.4,12,2,11.1087491361898,7.82478190878468,4.41559700710661,2,11.1087491361898,7.82478190878468,4.41559700710661
0,1,1,0,30309,2,8,2013,39421,25530,24206,29.4,29.4,4,1,10.2298769205153,4.27614423455415,12.1715853866969,1,10.2298769205153,4.27614423455415,12.1715853866969
0,1,0,0,30309,3,8,2013,39421,25530,24206,29.4,29.4,3,1,10.3835408723528,4.5221046326688,13.1604517423496,1,10.3835408723528,4.5221046326688,13.1604517423496
1,0,1,1,30318,4,8,2013,39421,25530,24206,29.4,29.4,12,0,5.48739851564837,11.056971691209,9.77228207376193,0,5.48739851564837,11.056971691209,9.77228207376193
1,0,1,0,30318,5,8,2013,39421,25530,24206,29.4,29.4,13,0,6.30395227517634,11.7656800398466,9.67974677830512,0,6.30395227517634,11.7656800398466,9.67974677830512
1,0,1,1,30318,6,8,2013,39421,25530,24206,29.4,29.4,11,0,4.60042370177316,10.8304640187324,10.7725343427733,0,4.60042370177316,10.8304640187324,10.7725343427733
0,1,0,1,30313,7,8,2013,39421,25530,24206,29.4,29.4,6,0,6.02348188139127,6.05281082783415,11.7706198796636,0,6.02348188139127,6.05281082783415,11.7706198796636
1,1,0,1,30309,1,9,2013,39421,25530,24206,29.4,29.4,2,1,11.5797311183386,6.34582815970712,14.1243580137213,1,11.5797311183386,6.34582815970712,14.1243580137213
0,1,1,0,30309,2,9,2013,39421,25530,24206,29.4,29.4,3,1,10.8498131131914,5.49840874344225,13.1414417041173,1,10.8498131131914,5.49840874344225,13.1414417041173
0,1,0,0,30309,3,9,2013,39421,25530,24206,29.4,29.4,5,1,10.0173208139767,4.69376624169163,11.1623246498475,1,10.0173208139767,4.69376624169163,11.1623246498475
1,0,1,1,30318,4,9,2013,39421,25530,24206,29.4,29.4,5,0,4.27295452021005,9.4304754981005,14.1544159748325,0,4.27295452021005,9.4304754981005,14.1544159748325
1,0,1,0,30318,5,9,2013,39421,25530,24206,29.4,29.4,6,0,3.72644765828591,9.54507579540995,13.5848258123368,0,3.72644765828591,9.54507579540995,13.5848258123368
1,0,1,1,30318,6,9,2013,39421,25530,24206,29.4,29.4,4,0,4.82809445828061,9.89829258009346,15.3263658714535,0,4.82809445828061,9.89829258009346,15.3263658714535
0,1,0,1,30313,7,9,2013,39421,25530,24206,29.4,29.4,11,0,7.36694384923494,8.59380312597243,7.92448712322945,0,7.36694384923494,8.59380312597243,7.92448712322945
1,1,0,1,30309,1,10,2013,39421,25530,24206,29.4,29.4,6,1,10.7514087288756,6.13254930191595,10.2370646355062,1,10.7514087288756,6.13254930191595,10.2370646355062
0,1,1,0,30309,2,10,2013,39421,25530,24206,29.4,29.4,5,1,10.5946797890965,5.81502449975935,11.2293139411361,1,10.5946797890965,5.81502449975935,11.2293139411361
0,1,0,0,30309,3,10,2013,39421,25530,24206,29.4,29.4,4,1,10.649637508968,5.82911062915222,12.2125955810243,1,10.649637508968,5.82911062915222,12.2125955810243
1,0,1,1,30318,4,10,2013,39421,25530,24206,29.4,29.4,4,0,5.59698160744442,10.0439512800255,14.9965826382431,0,5.59698160744442,10.0439512800255,14.9965826382431
1,0,1,0,30318,5,10,2013,39421,25530,24206,29.4,29.4,4,0,5.51974312013021,10.1576204788741,15.1706127373173,0,5.51974312013021,10.1576204788741,15.1706127373173
1,0,1,1,30318,6,10,2013,39421,25530,24206,29.4,29.4,5,0,5.03511474748909,10.2800729511732,14.6064195334994,0,5.03511474748909,10.2800729511732,14.6064195334994
0,1,0,1,30313,7,10,2013,39421,25530,24206,29.4,29.4,10,0,7.4390808881251,8.59072414661448,8.68029350905198,0,7.4390808881251,8.59072414661448,8.68029350905198
1,1,0,1,30309,1,11,2013,39421,25530,24206,29.4,29.4,21,2,17.6762959543149,16.9590143468348,5.70504196265233,2,17.6762959543149,16.9590143468348,5.70504196265233
0,1,1,0,30309,2,11,2013,39421,25530,24206,29.4,29.4,20,2,16.7064624588511,15.9315572562296,4.88339052633357,2,16.7064624588511,15.9315572562296,4.88339052633357
0,1,0,0,30309,3,11,2013,39421,25530,24206,29.4,29.4,20,2,16.5758962939546,15.8699982591412,4.88339052633357,2,16.5758962939546,15.8699982591412,4.88339052633357
1,0,1,1,30318,4,11,2013,39421,25530,24206,29.4,29.4,5,0,5.94710749325867,10.5159241722178,14.3299508578569,0,5.94710749325867,10.5159241722178,14.3299508578569
1,0,1,0,30318,5,11,2013,39421,25530,24206,29.4,29.4,5,0,5.87447431984574,10.624545057232,14.5119775216403,0,5.87447431984574,10.624545057232,14.5119775216403
1,0,1,1,30318,6,11,2013,39421,25530,24206,29.4,29.4,3,0,6.92340468863856,11.1242384788427,16.2772076862929,0,6.92340468863856,11.1242384788427,16.2772076862929
0,1,0,1,30313,7,11,2013,39421,25530,24206,29.4,29.4,19,2,13.974158530726,15.7012962517039,7.1692051351419,2,13.974158530726,15.7012962517039,7.1692051351419
1,1,0,1,30309,1,0,2014,39421,25530,24206,29.4,29.4,4,1,11.9188394546409,5.8828631570383,15.0631169027414,1,11.9188394546409,5.8828631570383,15.0631169027414
0,1,1,0,30309,2,0,2014,39421,25530,24206,29.4,29.4,4,1,11.6275575656996,5.54010245928174,15.0714130334768,1,11.6275575656996,5.54010245928174,15.0714130334768
0,1,0,0,30309,3,0,2014,39421,25530,24206,29.4,29.4,4,1,11.4391671463702,5.36050962091878,15.0714130334768,1,11.4391671463702,5.36050962091878,15.0714130334768
1,0,1,1,30318,4,0,2014,39421,25530,24206,29.4,29.4,3,0,7.50193696482712,9.98795187423645,18.1093205301224,0,7.50193696482712,9.98795187423645,18.1093205301224
1,0,1,0,30318,5,0,2014,39421,25530,24206,29.4,29.4,4,0,6.92151212109035,9.89615008283072,17.5541303067299,0,6.92151212109035,9.89615008283072,17.5541303067299
1,0,1,1,30318,6,0,2014,39421,25530,24206,29.4,29.4,5,0,6.54157064095145,10.0217978701683,17.0689042292876,0,6.54157064095145,10.0217978701683,17.0689042292876
0,1,0,1,30313,7,0,2014,39421,25530,24206,29.4,29.4,4,1,8.70966276443583,7.16151031397126,16.1755213463323,1,8.70966276443583,7.16151031397126,16.1755213463323
1,1,0,1,30309,1,1,2014,39421,25530,24206,29.4,29.4,8,1,11.0254864213706,5.4723582514613,11.4104116436442,1,11.0254864213706,5.4723582514613,11.4104116436442
0,1,1,0,30309,2,1,2014,39421,25530,24206,29.4,29.4,10,1,11.030708656564,6.30777106847547,10.116693896886,1,11.030708656564,6.30777106847547,10.116693896886
0,1,0,0,30309,3,1,2014,39421,25530,24206,29.4,29.4,10,1,10.8319427401059,6.15063443791934,10.116693896886,1,10.8319427401059,6.15063443791934,10.116693896886
1,0,1,1,30318,4,1,2014,39421,25530,24206,29.4,29.4,2,0,7.43956457103016,9.8846482910276,18.3983012612517,0,7.43956457103016,9.8846482910276,18.3983012612517
1,0,1,0,30318,5,1,2014,39421,25530,24206,29.4,29.4,6,0,5.33255335507392,9.35498785059339,15.7336420561653,0,5.33255335507392,9.35498785059339,15.7336420561653
1,0,1,1,30318,6,1,2014,39421,25530,24206,29.4,29.4,5,0,5.68745286159392,9.60530213414921,16.5785250124549,0,5.68745286159392,9.60530213414921,16.5785250124549
0,1,0,1,30313,7,1,2014,39421,25530,24206,29.4,29.4,3,1,8.53968900209414,6.87272283541015,16.4376850579001,1,8.53968900209414,6.87272283541015,16.4376850579001
1,1,0,1,30309,1,2,2014,39421,25530,24206,29.4,29.4,9,1,10.7518944958612,5.44521888565066,10.0323224948339,1,10.7518944958612,5.44521888565066,10.0323224948339
0,1,1,0,30309,2,2,2014,39421,25530,24206,29.4,29.4,10,1,10.6410294176969,5.79770406196081,9.37269947257939,1,10.6410294176969,5.79770406196081,9.37269947257939
0,1,0,0,30309,3,2,2014,39421,25530,24206,29.4,29.4,10,1,10.434843416517,5.62633988723576,9.37269947257939,1,10.434843416517,5.62633988723576,9.37269947257939
1,0,1,1,30318,4,2,2014,39421,25530,24206,29.4,29.4,4,0,5.46588659311888,9.01600150067391,16.489314443774,0,5.46588659311888,9.01600150067391,16.489314443774
1,0,1,0,30318,5,2,2014,39421,25530,24206,29.4,29.4,5,0,4.84811180430049,9.02567930296669,15.940435740236,0,4.84811180430049,9.02567930296669,15.940435740236
1,0,1,1,30318,6,2,2014,39421,25530,24206,29.4,29.4,6,0,4.51541852713069,9.27175997147259,15.4692434317756,0,4.51541852713069,9.27175997147259,15.4692434317756
0,1,0,1,30313,7,2,2014,39421,25530,24206,29.4,29.4,3,1,8.03002253139943,6.40778555431975,15.9905437700759,1,8.03002253139943,6.40778555431975,15.9905437700759
1,1,0,1,30309,1,3,2014,39421,25530,24206,29.4,29.4,9,1,10.447880591413,5.04735626347372,9.38868971903697,1,10.447880591413,5.04735626347372,9.38868971903697
0,1,1,0,30309,2,3,2014,39421,25530,24206,29.4,29.4,8,1,9.9906285603345,3.96006997953307,10.1709141121834,1,9.9906285603345,3.96006997953307,10.1709141121834
0,1,0,0,30309,3,3,2014,39421,25530,24206,29.4,29.4,8,1,9.77072715254645,3.70465685042789,10.1709141121834,1,9.77072715254645,3.70465685042789,10.1709141121834
1,0,1,1,30318,4,3,2014,39421,25530,24206,29.4,29.4,3,0,5.56273125641751,9.0130667508571,16.8655711454642,0,5.56273125641751,9.0130667508571,16.8655711454642
1,0,1,0,30318,5,3,2014,39421,25530,24206,29.4,29.4,5,0,4.13027380076584,8.79137551340984,15.5434066918611,0,4.13027380076584,8.79137551340984,15.5434066918611
1,0,1,1,30318,6,3,2014,39421,25530,24206,29.4,29.4,6,0,3.73416363827967,9.04383378365515,15.0597972214613,0,3.73416363827967,9.04383378365515,15.0597972214613
0,1,0,1,30313,7,3,2014,39421,25530,24206,29.4,29.4,3,1,7.61815170872026,6.07331147298816,15.5947904783204,1,7.61815170872026,6.07331147298816,15.5947904783204
1,1,0,1,30309,1,4,2014,39421,25530,24206,29.4,29.4,4,1,10.5961610196657,3.72956633880692,13.1490490464388,1,10.5961610196657,3.72956633880692,13.1490490464388
0,1,1,0,30309,2,4,2014,39421,25530,24206,29.4,29.4,5,1,9.99534392469035,2.80582051332438,12.2514281448569,1,9.99534392469035,2.80582051332438,12.2514281448569
0,1,0,0,30309,3,4,2014,39421,25530,24206,29.4,29.4,5,1,9.77554858981231,2.43206843851384,12.2514281448569,1,9.77554858981231,2.43206843851384,12.2514281448569
1,0,1,1,30318,4,4,2014,39421,25530,24206,29.4,29.4,5,0,3.67052779221653,8.53331022981381,15.0282231680459,0,3.67052779221653,8.53331022981381,15.0282231680459
1,0,1,0,30318,5,4,2014,39421,25530,24206,29.4,29.4,5,0,3.55163839257146,8.66681486796406,15.2018910530431,0,3.55163839257146,8.66681486796406,15.2018910530431
1,0,1,1,30318,6,4,2014,39421,25530,24206,29.4,29.4,4,0,4.30408294991283,9.04763567785001,16.1368364565566,0,4.30408294991283,9.04763567785001,16.1368364565566
0,1,0,1,30313,7,4,2014,39421,25530,24206,29.4,29.4,3,1,7.32060168697712,5.89156250800332,15.2544252616319,1,7.32060168697712,5.89156250800332,15.2544252616319
1,1,0,1,30309,1,5,2014,39421,25530,24206,29.4,29.4,13,2,11.4985129185058,8.16332209925016,5.38028788189891,2,11.4985129185058,8.16332209925016,5.38028788189891
0,1,1,0,30309,2,5,2014,39421,25530,24206,29.4,29.4,4,1,10.1476580034573,3.13364291970916,12.831503841158,1,10.1476580034573,3.13364291970916,12.831503841158
0,1,0,0,30309,3,5,2014,39421,25530,24206,29.4,29.4,4,1,9.9312342140375,2.80393403718179,12.831503841158,1,9.9312342140375,2.80393403718179,12.831503841158
1,0,1,1,30318,4,5,2014,39421,25530,24206,29.4,29.4,11,0,4.46645416362609,10.0951782585154,11.0021587048283,0,4.46645416362609,10.0951782585154,11.0021587048283
1,0,1,0,30318,5,5,2014,39421,25530,24206,29.4,29.4,12,0,5.25142691217671,10.7743783064754,10.828088332165,0,5.25142691217671,10.7743783064754,10.828088332165
1,0,1,1,30318,6,5,2014,39421,25530,24206,29.4,29.4,12,0,5.28917670361691,10.9868815701781,11.1129427663949,0,5.28917670361691,10.9868815701781,11.1129427663949
0,1,0,1,30313,7,5,2014,39421,25530,24206,29.4,29.4,3,1,7.15165593842903,5.87672573151846,14.9732257734502,1,7.15165593842903,5.87672573151846,14.9732257734502
1,1,0,1,30309,1,6,2014,39421,25530,24206,29.4,29.4,13,2,11.4791451310339,8.27437153105218,4.73787902885968,2,11.4791451310339,8.27437153105218,4.73787902885968
0,1,1,0,30309,2,6,2014,39421,25530,24206,29.4,29.4,2,1,10.9341718898786,4.67851470030453,14.4999134238717,1,10.9341718898786,4.67851470030453,14.4999134238717
0,1,0,0,30309,3,6,2014,39421,25530,24206,29.4,29.4,4,1,9.90880349065234,3.1124656821638,12.5756705914895,1,9.90880349065234,3.1124656821638,12.5756705914895
1,0,1,1,30318,4,6,2014,39421,25530,24206,29.4,29.4,11,0,4.41635442396415,10.1851863315789,10.7026863995087,0,4.41635442396415,10.1851863315789,10.7026863995087
1,0,1,0,30318,5,6,2014,39421,25530,24206,29.4,29.4,13,0,6.13346305411845,11.4800231607501,10.1831968306671,0,6.13346305411845,11.4800231607501,10.1831968306671
1,0,1,1,30318,6,6,2014,39421,25530,24206,29.4,29.4,13,0,6.16581500082398,11.6796947955599,10.4855852336485,0,6.16581500082398,11.6796947955599,10.4855852336485
0,1,0,1,30313,7,6,2014,39421,25530,24206,29.4,29.4,4,1,6.57176285968761,5.67799341350457,13.8797511082027,1,6.57176285968761,5.67799341350457,13.8797511082027
1,1,0,1,30309,1,7,2014,39421,25530,24206,29.4,29.4,12,2,11.0832682779777,7.64279487027738,4.99974968665121,2,11.0832682779777,7.64279487027738,4.99974968665121
0,1,1,0,30309,2,7,2014,39421,25530,24206,29.4,29.4,5,1,9.9283342500003,3.65360347688884,11.4279259530587,1,9.9283342500003,3.65360347688884,11.4279259530587
0,1,0,0,30309,3,7,2014,39421,25530,24206,29.4,29.4,6,1,9.52434679433049,3.35700072169887,10.4664937945585,1,9.52434679433049,3.35700072169887,10.4664937945585
1,0,1,1,30318,4,7,2014,39421,25530,24206,29.4,29.4,13,0,6.3271622106895,11.546429397516,9.69265173686274,0,6.3271622106895,11.546429397516,9.69265173686274
1,0,1,0,30318,5,7,2014,39421,25530,24206,29.4,29.4,13,0,6.25894101574148,11.6454423835739,9.9597940587197,0,6.25894101574148,11.6454423835739,9.9597940587197
1,0,1,1,30318,6,7,2014,39421,25530,24206,29.4,29.4,14,0,7.21520332677384,12.4947578767153,10.0198552112816,0,7.21520332677384,12.4947578767153,10.0198552112816
0,1,0,1,30313,7,7,2014,39421,25530,24206,29.4,29.4,6,1,5.97635861760981,5.81563585746568,12.0019786848474,1,5.97635861760981,5.81563585746568,12.0019786848474
1,1,0,1,30309,1,8,2014,39421,25530,24206,29.4,29.4,14,2,12.22160508951,9.69506702668824,3.22451522791376,2,12.22160508951,9.69506702668824,3.22451522791376
0,1,1,0,30309,2,8,2014,39421,25530,24206,29.4,29.4,4,1,10.3749642776261,4.61474891641849,12.2942055792822,1,10.3749642776261,4.61474891641849,12.2942055792822
0,1,0,0,30309,3,8,2014,39421,25530,24206,29.4,29.4,6,1,9.70917892826002,4.13459192463627,10.346375807573,1,9.70917892826002,4.13459192463627,10.346375807573
1,0,1,1,30318,4,8,2014,39421,25530,24206,29.4,29.4,11,0,4.96126330712829,10.6484183653979,10.3705108922478,0,4.96126330712829,10.6484183653979,10.3705108922478
1,0,1,0,30318,5,8,2014,39421,25530,24206,29.4,29.4,12,0,5.67823964101715,11.2943976158267,10.185651522076,0,5.67823964101715,11.2943976158267,10.185651522076
1,0,1,1,30318,6,8,2014,39421,25530,24206,29.4,29.4,11,0,4.9146108888661,10.968566401674,10.9108888806655,0,4.9146108888661,10.968566401674,10.9108888806655
0,1,0,1,30313,7,8,2014,39421,25530,24206,29.4,29.4,4,1,6.94967727945401,6.47227952728888,13.6252519545751,1,6.94967727945401,6.47227952728888,13.6252519545751
1,1,0,1,30309,1,9,2014,39421,25530,24206,29.4,29.4,5,1,10.7023552167813,5.56012186080438,11.2848345840155,1,10.7023552167813,5.56012186080438,11.2848345840155
0,1,1,0,30309,2,9,2014,39421,25530,24206,29.4,29.4,3,1,10.9867168227958,5.76567400715971,13.2550929858192,1,10.9867168227958,5.76567400715971,13.2550929858192
0,1,0,0,30309,3,9,2014,39421,25530,24206,29.4,29.4,5,1,10.1654423535455,5.00419220039748,11.2959059658176,1,10.1654423535455,5.00419220039748,11.2959059658176
1,0,1,1,30318,4,9,2014,39421,25530,24206,29.4,29.4,6,0,4.21124127840188,9.58241480576155,13.5017588614051,0,4.21124127840188,9.58241480576155,13.5017588614051
1,0,1,0,30318,5,9,2014,39421,25530,24206,29.4,29.4,6,0,4.10803044086452,9.7014931833711,13.6947980033125,0,4.10803044086452,9.7014931833711,13.6947980033125
1,0,1,1,30318,6,9,2014,39421,25530,24206,29.4,29.4,6,0,4.15617849607299,9.93696677729511,13.9211167781731,0,4.15617849607299,9.93696677729511,13.9211167781731
0,1,0,1,30313,7,9,2014,39421,25530,24206,29.4,29.4,9,0,6.80349483654474,7.68812952087762,9.48142893451986,0,6.80349483654474,7.68812952087762,9.48142893451986
1,1,0,1,30309,1,10,2014,39421,25530,24206,29.4,29.4,8,1,10.8423296965404,6.80993932956553,8.46743726740335,1,10.8423296965404,6.80993932956553,8.46743726740335
0,1,1,0,30309,2,10,2014,39421,25530,24206,29.4,29.4,5,1,10.7348377624729,6.06836122686154,11.3621077088977,1,10.7348377624729,6.06836122686154,11.3621077088977
0,1,0,0,30309,3,10,2014,39421,25530,24206,29.4,29.4,5,1,10.5304886802822,5.90485699372133,11.3621077088977,1,10.5304886802822,5.90485699372133,11.3621077088977
1,0,1,1,30318,4,10,2014,39421,25530,24206,29.4,29.4,2,0,7.16532507477375,10.6833908791798,16.7331255089949,0,7.16532507477375,10.6833908791798,16.7331255089949
1,0,1,0,30318,5,10,2014,39421,25530,24206,29.4,29.4,4,0,5.78420833523049,10.3047441423705,15.2691679807923,0,5.78420833523049,10.3047441423705,15.2691679807923
1,0,1,1,30318,6,10,2014,39421,25530,24206,29.4,29.4,6,0,4.98284991681613,10.4196307646119,13.9748879191045,0,4.98284991681613,10.4196307646119,13.9748879191045
0,1,0,1,30313,7,10,2014,39421,25530,24206,29.4,29.4,9,0,7.33774594771349,8.30257382186818,9.56020369240899,0,7.33774594771349,8.30257382186818,9.56020369240899
1,1,0,1,30309,1,11,2014,39421,25530,24206,29.4,29.4,18,2,15.5557129472296,14.386929611124,3.83373205986093,2,15.5557129472296,14.386929611124,3.83373205986093
0,1,1,0,30309,2,11,2014,39421,25530,24206,29.4,29.4,20,2,16.7956955748229,16.02576096962,5.18145761660601,2,16.7956955748229,16.02576096962,5.18145761660601
0,1,0,0,30309,3,11,2014,39421,25530,24206,29.4,29.4,19,2,15.9142366492201,15.0661552975366,4.46066164035617,2,15.9142366492201,15.0661552975366,4.46066164035617
1,0,1,1,30318,4,11,2014,39421,25530,24206,29.4,29.4,6,0,5.90292303096574,10.6523925286876,13.6856674061418,0,5.90292303096574,10.6523925286876,13.6856674061418
1,0,1,0,30318,5,11,2014,39421,25530,24206,29.4,29.4,5,0,6.123638664034,10.7652893932318,14.6149749089279,0,6.123638664034,10.7652893932318,14.6149749089279
1,0,1,1,30318,6,11,2014,39421,25530,24206,29.4,29.4,3,0,7.13603772662305,11.2587379302052,16.3691016877138,0,7.13603772662305,11.2587379302052,16.3691016877138
0,1,0,1,30313,7,11,2014,39421,25530,24206,29.4,29.4,19,2,14.0807176164777,15.7968731725821,7.37546624083827,2,14.0807176164777,15.7968731725821,7.37546624083827
